architecture,test_id,query_number,iteration,start_time,end_time,duration,query_status
Apache_AGE,0,q1,0,1732180545.7134488,1732180545.8028016,0.08935284614562988,True
Apache_AGE,0,q2,0,1732180545.8042097,1732180545.830063,0.025853395462036133,True
Apache_AGE,0,q3,0,1732180545.83151,1732180545.8483136,0.016803503036499023,True
Apache_AGE,0,q4,0,1732180545.8501146,1732180545.972879,0.12276434898376465,True
Apache_AGE,0,q5,0,1732180545.9751234,1732180547.997876,2.022752523422241,True
Apache_AGE,0,q6,0,1732180548.0003486,1732180548.039991,0.039642333984375,True
Apache_AGE,0,q7,0,1732180548.0424378,1732180548.060062,0.0176241397857666,True
Apache_AGE,0,q8,0,1732180548.0613382,1732180549.2493527,1.1880145072937012,True
Apache_AGE,0,q10,0,1732180549.258207,1732180549.2789414,0.020734310150146484,True
Apache_AGE,0,q11,0,1732180549.2813466,1732180549.2976625,0.016315937042236328,True
Apache_AGE,0,q12,0,1732180549.2995234,1732180549.6189506,0.3194272518157959,True
Apache_AGE,0,q13,0,1732180549.6214743,1732180736.4950073,186.8735330104828,True
Apache_AGE,0,q14,0,1732180736.497777,1732180736.6626315,0.1648545265197754,True
Apache_AGE,0,q15,0,1732180736.663884,1732180737.219237,0.5553531646728516,True
Apache_AGE,0,q16,0,1732180737.221896,1732180739.870282,2.648386001586914,True
Apache_AGE,0,q17,0,1732180739.8730783,1732180739.9019604,0.02888202667236328,True
Apache_AGE,0,q19,0,1732180739.903174,1732180851.2143576,111.31118369102478,True
Apache_AGE,0,q1,1,1732180851.215727,1732180851.2712843,0.0555572509765625,True
Apache_AGE,0,q2,1,1732180851.2727785,1732180851.292252,0.019473552703857422,True
Apache_AGE,0,q3,1,1732180851.2937295,1732180851.3069882,0.013258695602416992,True
Apache_AGE,0,q4,1,1732180851.3081644,1732180851.3828206,0.07465624809265137,True
Apache_AGE,0,q5,1,1732180851.3842165,1732180853.3505518,1.9663352966308594,True
Apache_AGE,0,q6,1,1732180853.3531358,1732180853.3916948,0.0385589599609375,True
Apache_AGE,0,q7,1,1732180853.3940804,1732180853.4091256,0.015045166015625,True
Apache_AGE,0,q8,1,1732180853.411096,1732180854.5923078,1.1812117099761963,True
Apache_AGE,0,q10,1,1732180854.603819,1732180854.6237495,0.019930601119995117,True
Apache_AGE,0,q11,1,1732180854.6261938,1732180854.6400962,0.013902425765991211,True
Apache_AGE,0,q12,1,1732180854.641941,1732180854.9716861,0.3297450542449951,True
Apache_AGE,0,q13,1,1732180854.9741528,1732181041.503314,186.5291612148285,True
Apache_AGE,0,q14,1,1732181041.505086,1732181041.6712532,0.1661672592163086,True
Apache_AGE,0,q15,1,1732181041.6739593,1732181042.2355282,0.5615689754486084,True
Apache_AGE,0,q16,1,1732181042.2384517,1732181044.9030912,2.664639472961426,True
Apache_AGE,0,q17,1,1732181044.904408,1732181044.9329236,0.02851557731628418,True
Apache_AGE,0,q19,1,1732181044.934152,1732181156.2234619,111.28930997848511,True
Apache_AGE,0,q1,2,1732181156.226267,1732181156.2911737,0.06490659713745117,True
Apache_AGE,0,q2,2,1732181156.293939,1732181156.3184776,0.024538516998291016,True
Apache_AGE,0,q3,2,1732181156.3200107,1732181156.3353443,0.01533365249633789,True
Apache_AGE,0,q4,2,1732181156.3373566,1732181156.4230382,0.08568167686462402,True
Apache_AGE,0,q5,2,1732181156.4246452,1732181158.3875864,1.9629411697387695,True
Apache_AGE,0,q6,2,1732181158.388741,1732181158.4203844,0.03164339065551758,True
Apache_AGE,0,q7,2,1732181158.4215436,1732181158.4350684,0.013524770736694336,True
Apache_AGE,0,q8,2,1732181158.436186,1732181159.5363557,1.1001696586608887,True
Apache_AGE,0,q10,2,1732181159.5458987,1732181159.5644057,0.018507003784179688,True
Apache_AGE,0,q11,2,1732181159.5670407,1732181159.5831904,0.01614975929260254,True
Apache_AGE,0,q12,2,1732181159.585374,1732181159.9170601,0.33168601989746094,True
Apache_AGE,0,q13,2,1732181159.9194815,1732181346.310267,186.39078545570374,True
Apache_AGE,0,q14,2,1732181346.31148,1732181346.4786155,0.16713547706604004,True
Apache_AGE,0,q15,2,1732181346.481566,1732181347.0440474,0.5624814033508301,True
Apache_AGE,0,q16,2,1732181347.046334,1732181349.7153788,2.6690447330474854,True
Apache_AGE,0,q17,2,1732181349.716597,1732181349.7418563,0.02525925636291504,True
Apache_AGE,0,q19,2,1732181349.7430336,1732181461.2655973,111.52256369590759,True
Apache_AGE,0,q1,3,1732181461.2682624,1732181461.3311267,0.06286430358886719,True
Apache_AGE,0,q2,3,1732181461.3337567,1732181461.3572822,0.023525476455688477,True
Apache_AGE,0,q3,3,1732181461.3591533,1732181461.3747091,0.015555858612060547,True
Apache_AGE,0,q4,3,1732181461.3764012,1732181461.4626067,0.08620548248291016,True
Apache_AGE,0,q5,3,1732181461.4650376,1732181463.4177628,1.9527251720428467,True
Apache_AGE,0,q6,3,1732181463.4204335,1732181463.4592626,0.03882908821105957,True
Apache_AGE,0,q7,3,1732181463.4608426,1732181463.477687,0.01684427261352539,True
Apache_AGE,0,q8,3,1732181463.479539,1732181464.6427543,1.1632153987884521,True
Apache_AGE,0,q10,3,1732181464.6522644,1732181464.6710346,0.018770217895507812,True
Apache_AGE,0,q11,3,1732181464.6733785,1732181464.6897192,0.01634073257446289,True
Apache_AGE,0,q12,3,1732181464.6913521,1732181465.0300388,0.3386867046356201,True
Apache_AGE,0,q13,3,1732181465.0324998,1732181650.9312623,185.89876246452332,True
Apache_AGE,0,q14,3,1732181650.932943,1732181651.1000876,0.1671445369720459,True
Apache_AGE,0,q15,3,1732181651.102609,1732181651.6712906,0.5686817169189453,True
Apache_AGE,0,q16,3,1732181651.6740336,1732181654.3655496,2.6915159225463867,True
Apache_AGE,0,q17,3,1732181654.368768,1732181654.39908,0.030312061309814453,True
Apache_AGE,0,q19,3,1732181654.4014645,1732181765.9399078,111.53844332695007,True
Apache_AGE,0,q1,4,1732181765.9426813,1732181766.002921,0.06023979187011719,True
Apache_AGE,0,q2,4,1732181766.0055475,1732181766.0293858,0.023838281631469727,True
Apache_AGE,0,q3,4,1732181766.0315723,1732181766.046595,0.015022754669189453,True
Apache_AGE,0,q4,4,1732181766.0484867,1732181766.1248288,0.07634210586547852,True
Apache_AGE,0,q5,4,1732181766.1271904,1732181768.0832202,1.9560298919677734,True
Apache_AGE,0,q6,4,1732181768.0857847,1732181768.1219308,0.03614616394042969,True
Apache_AGE,0,q7,4,1732181768.1240366,1732181768.1377597,0.013723134994506836,True
Apache_AGE,0,q8,4,1732181768.1387825,1732181769.269904,1.1311213970184326,True
Apache_AGE,0,q10,4,1732181769.2785752,1732181769.2978184,0.019243240356445312,True
Apache_AGE,0,q11,4,1732181769.300257,1732181769.315937,0.01568007469177246,True
Apache_AGE,0,q12,4,1732181769.3178442,1732181769.6529498,0.33510565757751465,True
Apache_AGE,0,q13,4,1732181769.655514,1732181956.1739938,186.51847982406616,True
Apache_AGE,0,q14,4,1732181956.1764963,1732181956.3444617,0.16796541213989258,True
Apache_AGE,0,q15,4,1732181956.346932,1732181956.9117694,0.5648374557495117,True
Apache_AGE,0,q16,4,1732181956.914346,1732181959.6070282,2.6926822662353516,True
Apache_AGE,0,q17,4,1732181959.6095822,1732181959.6391962,0.029613971710205078,True
Apache_AGE,0,q19,4,1732181959.6416302,1732182071.6791873,112.03755712509155,True
Apache_AGE,0,q1,5,1732182071.6835938,1732182071.745011,0.061417341232299805,True
Apache_AGE,0,q2,5,1732182071.7467775,1732182071.7693882,0.02261066436767578,True
Apache_AGE,0,q3,5,1732182071.7712383,1732182071.787894,0.016655683517456055,True
Apache_AGE,0,q4,5,1732182071.7902775,1732182071.8784246,0.08814716339111328,True
Apache_AGE,0,q5,5,1732182071.8798044,1732182073.8428361,1.9630317687988281,True
Apache_AGE,0,q6,5,1732182073.8453088,1732182073.882898,0.037589311599731445,True
Apache_AGE,0,q7,5,1732182073.8853252,1732182073.90163,0.016304731369018555,True
Apache_AGE,0,q8,5,1732182073.902807,1732182075.058296,1.1554889678955078,True
Apache_AGE,0,q10,5,1732182075.06836,1732182075.0892203,0.02086019515991211,True
Apache_AGE,0,q11,5,1732182075.0914202,1732182075.1052656,0.013845443725585938,True
Apache_AGE,0,q12,5,1732182075.106504,1732182075.4447515,0.33824753761291504,True
Apache_AGE,0,q13,5,1732182075.4471877,1732182262.207804,186.76061630249023,True
Apache_AGE,0,q14,5,1732182262.2103417,1732182262.3807647,0.17042303085327148,True
Apache_AGE,0,q15,5,1732182262.3832998,1732182262.9516234,0.5683236122131348,True
Apache_AGE,0,q16,5,1732182262.954084,1732182265.6352243,2.681140422821045,True
Apache_AGE,0,q17,5,1732182265.6378417,1732182265.6693614,0.03151965141296387,True
Apache_AGE,0,q19,5,1732182265.671838,1732182376.6061082,110.93427014350891,True